"","DBN","School Name","Grade","Year","Demographic Category","Demographic Variable","# Total Days","# Days Absent","# Days Present","% Attendance","# Contributing 20+ Total Days","# Chronically Absent","% Chronically Absent","district_75"
"1","07X001","P.S. 001 Courtlandt School","All Grades","2013-14","All Students","All Students",125342,"10517","114825","91.6","740","236","31.9",0
"2","07X001","P.S. 001 Courtlandt School","All Grades","2014-15","All Students","All Students",127951,"11040","116911","91.4","746","253","33.9",0
"3","07X001","P.S. 001 Courtlandt School","All Grades","2015-16","All Students","All Students",121083,"10504","110579","91.3","716","257","35.9",0
"4","07X001","P.S. 001 Courtlandt School","All Grades","2016-17","All Students","All Students",110387,"10295","100092","90.7","671","238","35.5",0
"5","07X001","P.S. 001 Courtlandt School","All Grades","2017-18","All Students","All Students",118129,"12368","105761","89.5","710","302","42.5",0
"6","07X001","P.S. 001 Courtlandt School","All Grades","2018-19","All Students","All Students",116598,"12232","104366","89.5","707","310","43.8",0
"7","07X001","P.S. 001 Courtlandt School","PK in K-12 Schools","2013-14","All Students","All Students",5810,"s","s","s","s","s","s",0
"8","07X001","P.S. 001 Courtlandt School","PK in K-12 Schools","2014-15","All Students","All Students",6076,"778","5298","87.2","38","21","55.3",0
"9","07X001","P.S. 001 Courtlandt School","PK in K-12 Schools","2015-16","All Students","All Students",6084,"756","5328","87.6","36","23","63.9",0
"10","07X001","P.S. 001 Courtlandt School","PK in K-12 Schools","2016-17","All Students","All Students",6177,"634","5543","89.7","37","17","45.9",0
"11","07X001","P.S. 001 Courtlandt School","PK in K-12 Schools","2017-18","All Students","All Students",11416,"s","s","s","s","s","s",0
"12","07X001","P.S. 001 Courtlandt School","PK in K-12 Schools","2018-19","All Students","All Students",16561,"2445","14116","85.2","101","63","62.4",0
"13","07X001","P.S. 001 Courtlandt School","0K","2013-14","All Students","All Students",18757,"2180","16577","88.4","116","58","50.0",0
"14","07X001","P.S. 001 Courtlandt School","0K","2014-15","All Students","All Students",20160,"2511","17649","87.5","122","63","51.6",0
"15","07X001","P.S. 001 Courtlandt School","0K","2015-16","All Students","All Students",19693,"2262","17431","88.5","118","56","47.5",0
"16","07X001","P.S. 001 Courtlandt School","0K","2016-17","All Students","All Students",17166,"2103","15063","87.7","109","55","50.5",0
"17","07X001","P.S. 001 Courtlandt School","0K","2017-18","All Students","All Students",17878,"2238","15640","87.5","112","62","55.4",0
"18","07X001","P.S. 001 Courtlandt School","0K","2018-19","All Students","All Students",15532,"1832","13700","88.2","94","48","51.1",0
"19","07X001","P.S. 001 Courtlandt School","1","2013-14","All Students","All Students",21187,"1895","19292","91.1","125","46","36.8",0
"20","07X001","P.S. 001 Courtlandt School","1","2014-15","All Students","All Students",20740,"2219","18521","89.3","124","51","41.1",0
"21","07X001","P.S. 001 Courtlandt School","1","2015-16","All Students","All Students",18941,"1893","17048","90.0","114","47","41.2",0
"22","07X001","P.S. 001 Courtlandt School","1","2016-17","All Students","All Students",18997,"2038","16959","89.3","114","45","39.5",0
"23","07X001","P.S. 001 Courtlandt School","1","2017-18","All Students","All Students",18747,"2052","16695","89.1","111","51","45.9",0
"24","07X001","P.S. 001 Courtlandt School","1","2018-19","All Students","All Students",17077,"1703","15374","90.0","104","47","45.2",0
"25","07X001","P.S. 001 Courtlandt School","2","2013-14","All Students","All Students",21847,"1695","20152","92.2","125","31","24.8",0
"26","07X001","P.S. 001 Courtlandt School","2","2014-15","All Students","All Students",20031,"1657","18374","91.7","116","39","33.6",0
"27","07X001","P.S. 001 Courtlandt School","2","2015-16","All Students","All Students",19008,"1687","17321","91.1","113","42","37.2",0
"28","07X001","P.S. 001 Courtlandt School","2","2016-17","All Students","All Students",15944,"1360","14584","91.5","96","30","31.3",0
"29","07X001","P.S. 001 Courtlandt School","2","2017-18","All Students","All Students",17318,"1958","15360","88.7","102","45","44.1",0
"30","07X001","P.S. 001 Courtlandt School","2","2018-19","All Students","All Students",15957,"1498","14459","90.6","95","36","37.9",0
"31","07X001","P.S. 001 Courtlandt School","3","2013-14","All Students","All Students",20156,"1371","18785","93.2","117","28","23.9",0
"32","07X001","P.S. 001 Courtlandt School","3","2014-15","All Students","All Students",21038,"1497","19541","92.9","122","33","27.0",0
"33","07X001","P.S. 001 Courtlandt School","3","2015-16","All Students","All Students",17810,"1311","16499","92.6","103","31","30.1",0
"34","07X001","P.S. 001 Courtlandt School","3","2016-17","All Students","All Students",17235,"1525","15710","91.2","105","33","31.4",0
"35","07X001","P.S. 001 Courtlandt School","3","2017-18","All Students","All Students",17177,"1651","15526","90.4","102","39","38.2",0
"36","07X001","P.S. 001 Courtlandt School","3","2018-19","All Students","All Students",17262,"1668","15594","90.3","105","37","35.2",0
"37","07X001","P.S. 001 Courtlandt School","4","2013-14","All Students","All Students",19336,"1136","18200","94.1","113","22","19.5",0
"38","07X001","P.S. 001 Courtlandt School","4","2014-15","All Students","All Students",21024,"1412","19612","93.3","118","26","22.0",0
"39","07X001","P.S. 001 Courtlandt School","4","2015-16","All Students","All Students",18798,"1241","17557","93.4","111","25","22.5",0
"40","07X001","P.S. 001 Courtlandt School","4","2016-17","All Students","All Students",17419,"1260","16159","92.8","107","26","24.3",0
"41","07X001","P.S. 001 Courtlandt School","4","2017-18","All Students","All Students",17909,"1667","16242","90.7","107","38","35.5",0
"42","07X001","P.S. 001 Courtlandt School","4","2018-19","All Students","All Students",18011,"1596","16415","91.1","109","42","38.5",0
"43","07X001","P.S. 001 Courtlandt School","5","2013-14","All Students","All Students",18218,"1143","17075","93.7","106","22","20.8",0
"44","07X001","P.S. 001 Courtlandt School","5","2014-15","All Students","All Students",18882,"966","17916","94.9","106","20","18.9",0
"45","07X001","P.S. 001 Courtlandt School","5","2015-16","All Students","All Students",20749,"1354","19395","93.5","121","33","27.3",0
"46","07X001","P.S. 001 Courtlandt School","5","2016-17","All Students","All Students",17449,"1375","16074","92.1","103","32","31.1",0
"47","07X001","P.S. 001 Courtlandt School","5","2017-18","All Students","All Students",17346,"1308","16038","92.5","102","28","27.5",0
"48","07X001","P.S. 001 Courtlandt School","5","2018-19","All Students","All Students",16198,"1490","14708","90.8","99","37","37.4",0
"49","07X001","P.S. 001 Courtlandt School","6","2017-18","All Students","All Students",338,"s","s","s","s","s","s",0
"50","07X001","P.S. 001 Courtlandt School","7","2013-14","All Students","All Students",31,"s","s","s","s","s","s",0
"51","07X001","P.S. 001 Courtlandt School","All Grades","2013-14","SWD Status","Not SWD",99893,"7597","92296","92.4","588","166","28.2",0
"52","07X001","P.S. 001 Courtlandt School","All Grades","2013-14","SWD Status","SWD",19639,"1854","17785","90.6","115","42","36.5",0
"53","07X001","P.S. 001 Courtlandt School","All Grades","2014-15","SWD Status","Not SWD",101500,"8470","93030","91.7","590","192","32.5",0
"54","07X001","P.S. 001 Courtlandt School","All Grades","2014-15","SWD Status","SWD",20375,"1792","18583","91.2","118","40","33.9",0
"55","07X001","P.S. 001 Courtlandt School","All Grades","2015-16","SWD Status","Not SWD",93403,"7608","85795","91.9","548","176","32.1",0
"56","07X001","P.S. 001 Courtlandt School","All Grades","2015-16","SWD Status","SWD",21596,"2140","19456","90.1","132","58","43.9",0
"57","07X001","P.S. 001 Courtlandt School","All Grades","2016-17","SWD Status","Not SWD",81900,"7262","74638","91.1","497","168","33.8",0
"58","07X001","P.S. 001 Courtlandt School","All Grades","2016-17","SWD Status","SWD",22310,"2399","19911","89.2","137","53","38.7",0
"59","07X001","P.S. 001 Courtlandt School","All Grades","2017-18","SWD Status","Not SWD",79879,"7757","72122","90.3","477","190","39.8",0
"60","07X001","P.S. 001 Courtlandt School","All Grades","2017-18","SWD Status","SWD",26834,"3131","23703","88.3","161","73","45.3",0
"61","07X001","P.S. 001 Courtlandt School","All Grades","2018-19","SWD Status","Not SWD",72831,"6637","66194","90.9","446","173","38.8",0
"62","07X001","P.S. 001 Courtlandt School","All Grades","2018-19","SWD Status","SWD",27206,"3150","24056","88.4","160","74","46.3",0
"63","07X001","P.S. 001 Courtlandt School","0K","2013-14","SWD Status","Not SWD",16442,"s","s","s","s","s","s",0
"64","07X001","P.S. 001 Courtlandt School","0K","2013-14","SWD Status","SWD",2315,"s","s","s","s","s","s",0
"65","07X001","P.S. 001 Courtlandt School","0K","2014-15","SWD Status","Not SWD",17240,"2149","15091","87.5","105","53","50.5",0
"66","07X001","P.S. 001 Courtlandt School","0K","2014-15","SWD Status","SWD",2920,"362","2558","87.6","17","10","58.8",0
"67","07X001","P.S. 001 Courtlandt School","0K","2015-16","SWD Status","Not SWD",15805,"1726","14079","89.1","93","41","44.1",0
"68","07X001","P.S. 001 Courtlandt School","0K","2015-16","SWD Status","SWD",3888,"536","3352","86.2","25","15","60.0",0
"69","07X001","P.S. 001 Courtlandt School","0K","2016-17","SWD Status","Not SWD",12673,"1510","11163","88.1","81","41","50.6",0
"70","07X001","P.S. 001 Courtlandt School","0K","2016-17","SWD Status","SWD",4493,"593","3900","86.8","28","14","50.0",0
"71","07X001","P.S. 001 Courtlandt School","0K","2017-18","SWD Status","Not SWD",13261,"1560","11701","88.2","82","45","54.9",0
"72","07X001","P.S. 001 Courtlandt School","0K","2017-18","SWD Status","SWD",4617,"678","3939","85.3","30","17","56.7",0
"73","07X001","P.S. 001 Courtlandt School","0K","2018-19","SWD Status","Not SWD",10715,"1189","9526","88.9","66","33","50.0",0
"74","07X001","P.S. 001 Courtlandt School","0K","2018-19","SWD Status","SWD",4817,"643","4174","86.7","28","15","53.6",0
"75","07X001","P.S. 001 Courtlandt School","1","2013-14","SWD Status","Not SWD",18717,"1646","17071","91.2","110","40","36.4",0
"76","07X001","P.S. 001 Courtlandt School","1","2013-14","SWD Status","SWD",2470,"249","2221","89.9","15","6","40.0",0
"77","07X001","P.S. 001 Courtlandt School","1","2014-15","SWD Status","Not SWD",18306,"1882","16424","89.7","109","42","38.5",0
"78","07X001","P.S. 001 Courtlandt School","1","2014-15","SWD Status","SWD",2434,"337","2097","86.2","15","9","60.0",0
"79","07X001","P.S. 001 Courtlandt School","1","2015-16","SWD Status","Not SWD",15920,"1612","14308","89.9","96","41","42.7",0
"80","07X001","P.S. 001 Courtlandt School","1","2015-16","SWD Status","SWD",3021,"281","2740","90.7","18","6","33.3",0
"81","07X001","P.S. 001 Courtlandt School","1","2016-17","SWD Status","Not SWD",15695,"1664","14031","89.4","95","37","38.9",0
"82","07X001","P.S. 001 Courtlandt School","1","2016-17","SWD Status","SWD",3302,"374","2928","88.7","19","8","42.1",0
"83","07X001","P.S. 001 Courtlandt School","1","2017-18","SWD Status","Not SWD",13203,"1484","11719","88.8","78","38","48.7",0
"84","07X001","P.S. 001 Courtlandt School","1","2017-18","SWD Status","SWD",5544,"568","4976","89.8","33","13","39.4",0
"85","07X001","P.S. 001 Courtlandt School","1","2018-19","SWD Status","Not SWD",12472,"1177","11295","90.6","77","33","42.9",0
"86","07X001","P.S. 001 Courtlandt School","1","2018-19","SWD Status","SWD",4605,"526","4079","88.6","27","14","51.9",0
"87","07X001","P.S. 001 Courtlandt School","2","2013-14","SWD Status","Not SWD",18043,"1379","16664","92.4","103","24","23.3",0
"88","07X001","P.S. 001 Courtlandt School","2","2013-14","SWD Status","SWD",3804,"316","3488","91.7","22","7","31.8",0
"89","07X001","P.S. 001 Courtlandt School","2","2014-15","SWD Status","Not SWD",17352,"1437","15915","91.7","101","35","34.7",0
"90","07X001","P.S. 001 Courtlandt School","2","2014-15","SWD Status","SWD",2679,"220","2459","91.8","15","4","26.7",0
"91","07X001","P.S. 001 Courtlandt School","2","2015-16","SWD Status","Not SWD",16021,"1293","14728","91.9","93","31","33.3",0
"92","07X001","P.S. 001 Courtlandt School","2","2015-16","SWD Status","SWD",2987,"394","2593","86.8","20","11","55.0",0
"93","07X001","P.S. 001 Courtlandt School","2","2016-17","SWD Status","Not SWD",12003,"1016","10987","91.5","72","23","31.9",0
"94","07X001","P.S. 001 Courtlandt School","2","2016-17","SWD Status","SWD",3941,"344","3597","91.3","24","7","29.2",0
"95","07X001","P.S. 001 Courtlandt School","2","2017-18","SWD Status","Not SWD",13039,"1336","11703","89.8","77","32","41.6",0
"96","07X001","P.S. 001 Courtlandt School","2","2017-18","SWD Status","SWD",4279,"622","3657","85.5","25","13","52.0",0
"97","07X001","P.S. 001 Courtlandt School","2","2018-19","SWD Status","Not SWD",10707,"915","9792","91.5","64","23","35.9",0
"98","07X001","P.S. 001 Courtlandt School","2","2018-19","SWD Status","SWD",5250,"583","4667","88.9","31","13","41.9",0
"99","07X001","P.S. 001 Courtlandt School","3","2013-14","SWD Status","Not SWD",15795,"888","14907","94.4","92","19","20.7",0
"100","07X001","P.S. 001 Courtlandt School","3","2013-14","SWD Status","SWD",4361,"483","3878","88.9","25","9","36.0",0
"101","07X001","P.S. 001 Courtlandt School","3","2014-15","SWD Status","Not SWD",16994,"1252","15742","92.6","98","30","30.6",0
"102","07X001","P.S. 001 Courtlandt School","3","2014-15","SWD Status","SWD",4044,"245","3799","93.9","24","3","12.5",0
"103","07X001","P.S. 001 Courtlandt School","3","2015-16","SWD Status","Not SWD",14541,"1054","13487","92.8","84","23","27.4",0
"104","07X001","P.S. 001 Courtlandt School","3","2015-16","SWD Status","SWD",3269,"257","3012","92.1","19","8","42.1",0
"105","07X001","P.S. 001 Courtlandt School","3","2016-17","SWD Status","Not SWD",14010,"1095","12915","92.2","84","24","28.6",0
"106","07X001","P.S. 001 Courtlandt School","3","2016-17","SWD Status","SWD",3225,"430","2795","86.7","21","9","42.9",0
"107","07X001","P.S. 001 Courtlandt School","3","2017-18","SWD Status","Not SWD",12686,"s","s","s","s","s","s",0
"108","07X001","P.S. 001 Courtlandt School","3","2017-18","SWD Status","SWD",4491,"416","4075","90.7","26","s","s",0
"109","07X001","P.S. 001 Courtlandt School","3","2018-19","SWD Status","Not SWD",12416,"975","11441","92.1","76","22","28.9",0
"110","07X001","P.S. 001 Courtlandt School","3","2018-19","SWD Status","SWD",4846,"693","4153","85.7","29","15","51.7",0
"111","07X001","P.S. 001 Courtlandt School","4","2013-14","SWD Status","Not SWD",16097,"917","15180","94.3","95","17","17.9",0
"112","07X001","P.S. 001 Courtlandt School","4","2013-14","SWD Status","SWD",3239,"219","3020","93.2","18","5","27.8",0
"113","07X001","P.S. 001 Courtlandt School","4","2014-15","SWD Status","Not SWD",16126,"951","15175","94.1","90","16","17.8",0
"114","07X001","P.S. 001 Courtlandt School","4","2014-15","SWD Status","SWD",4898,"461","4437","90.6","28","10","35.7",0
"115","07X001","P.S. 001 Courtlandt School","4","2015-16","SWD Status","Not SWD",15197,"974","14223","93.6","89","18","20.2",0
"116","07X001","P.S. 001 Courtlandt School","4","2015-16","SWD Status","SWD",3601,"267","3334","92.6","22","7","31.8",0
"117","07X001","P.S. 001 Courtlandt School","4","2016-17","SWD Status","Not SWD",13614,"980","12634","92.8","83","19","22.9",0
"118","07X001","P.S. 001 Courtlandt School","4","2016-17","SWD Status","SWD",3805,"280","3525","92.6","24","7","29.2",0
"119","07X001","P.S. 001 Courtlandt School","4","2017-18","SWD Status","Not SWD",14513,"s","s","s","s","s","s",0
"120","07X001","P.S. 001 Courtlandt School","4","2017-18","SWD Status","SWD",3396,"s","s","s","s","s","s",0
"121","07X001","P.S. 001 Courtlandt School","4","2018-19","SWD Status","Not SWD",13774,"1239","12535","91.0","84","33","39.3",0
"122","07X001","P.S. 001 Courtlandt School","4","2018-19","SWD Status","SWD",4237,"357","3880","91.6","25","9","36.0",0
"123","07X001","P.S. 001 Courtlandt School","5","2013-14","SWD Status","Not SWD",14799,"s","s","s","s","s","s",0
"124","07X001","P.S. 001 Courtlandt School","5","2013-14","SWD Status","SWD",3419,"255","3164","92.5","20","s","s",0
"125","07X001","P.S. 001 Courtlandt School","5","2014-15","SWD Status","Not SWD",15482,"799","14683","94.8","87","16","18.4",0
"126","07X001","P.S. 001 Courtlandt School","5","2014-15","SWD Status","SWD",3400,"167","3233","95.1","19","4","21.1",0
"127","07X001","P.S. 001 Courtlandt School","5","2015-16","SWD Status","Not SWD",15919,"949","14970","94.0","93","22","23.7",0
"128","07X001","P.S. 001 Courtlandt School","5","2015-16","SWD Status","SWD",4830,"405","4425","91.6","28","11","39.3",0
"129","07X001","P.S. 001 Courtlandt School","5","2016-17","SWD Status","Not SWD",13905,"997","12908","92.8","82","24","29.3",0
"130","07X001","P.S. 001 Courtlandt School","5","2016-17","SWD Status","SWD",3544,"378","3166","89.3","21","8","38.1",0
"131","07X001","P.S. 001 Courtlandt School","5","2017-18","SWD Status","Not SWD",13177,"914","12263","93.1","77","18","23.4",0
"132","07X001","P.S. 001 Courtlandt School","5","2017-18","SWD Status","SWD",4169,"394","3775","90.5","25","10","40.0",0
"133","07X001","P.S. 001 Courtlandt School","5","2018-19","SWD Status","Not SWD",12747,"1142","11605","91.0","79","29","36.7",0
"134","07X001","P.S. 001 Courtlandt School","5","2018-19","SWD Status","SWD",3451,"348","3103","89.9","20","8","40.0",0
"135","07X001","P.S. 001 Courtlandt School","6","2017-18","SWD Status","SWD",338,"s","s","s","s","s","s",0
"136","07X001","P.S. 001 Courtlandt School","7","2013-14","SWD Status","SWD",31,"s","s","s","s","s","s",0
"137","07X001","P.S. 001 Courtlandt School","All Grades","2013-14","Ethnicity","Asian",759,"s","s","s","s","s","s",0
"138","07X001","P.S. 001 Courtlandt School","All Grades","2013-14","Ethnicity","Black",27009,"2337","24672","91.3","158","48","30.4",0
"139","07X001","P.S. 001 Courtlandt School","All Grades","2013-14","Ethnicity","Hispanic",93493,"7812","85681","91.6","553","180","32.5",0
"140","07X001","P.S. 001 Courtlandt School","All Grades","2013-14","Ethnicity","Other",1051,"s","s","s","s","s","s",0
"141","07X001","P.S. 001 Courtlandt School","All Grades","2013-14","Ethnicity","White",3030,"211","2819","93.0","18","5","27.8",0
"142","07X001","P.S. 001 Courtlandt School","All Grades","2014-15","Ethnicity","Asian",636,"s","s","s","s","s","s",0
"143","07X001","P.S. 001 Courtlandt School","All Grades","2014-15","Ethnicity","Black",28687,"2715","25972","90.5","169","69","40.8",0
"144","07X001","P.S. 001 Courtlandt School","All Grades","2014-15","Ethnicity","Hispanic",94929,"8111","86818","91.5","551","180","32.7",0
"145","07X001","P.S. 001 Courtlandt School","All Grades","2014-15","Ethnicity","Other",522,"s","s","s","s","s","s",0
"146","07X001","P.S. 001 Courtlandt School","All Grades","2014-15","Ethnicity","White",3177,"155","3022","95.1","18","3","16.7",0
"147","07X001","P.S. 001 Courtlandt School","All Grades","2015-16","Ethnicity","Asian",534,"s","s","s","s","s","s",0
"148","07X001","P.S. 001 Courtlandt School","All Grades","2015-16","Ethnicity","Black",26842,"2612","24230","90.3","162","65","40.1",0
"149","07X001","P.S. 001 Courtlandt School","All Grades","2015-16","Ethnicity","Hispanic",90226,"7588","82638","91.6","530","186","35.1",0
"150","07X001","P.S. 001 Courtlandt School","All Grades","2015-16","Ethnicity","Other",655,"s","s","s","s","s","s",0
"151","07X001","P.S. 001 Courtlandt School","All Grades","2015-16","Ethnicity","White",2826,"156","2670","94.5","17","2","11.8",0
"152","07X001","P.S. 001 Courtlandt School","All Grades","2016-17","Ethnicity","Asian",176,"s","s","s","s","s","s",0
"153","07X001","P.S. 001 Courtlandt School","All Grades","2016-17","Ethnicity","Black",24354,"2648","21706","89.1","149","64","43.0",0
"154","07X001","P.S. 001 Courtlandt School","All Grades","2016-17","Ethnicity","Hispanic",83078,"7509","75569","91.0","505","172","34.1",0
"155","07X001","P.S. 001 Courtlandt School","All Grades","2016-17","Ethnicity","Other",307,"s","s","s","s","s","s",0
"156","07X001","P.S. 001 Courtlandt School","All Grades","2016-17","Ethnicity","White",2472,"110","2362","95.6","14","1","7.1",0
"157","07X001","P.S. 001 Courtlandt School","All Grades","2017-18","Ethnicity","Asian",527,"s","s","s","s","s","s",0
"158","07X001","P.S. 001 Courtlandt School","All Grades","2017-18","Ethnicity","Black",26700,"3376","23324","87.4","163","84","51.5",0
"159","07X001","P.S. 001 Courtlandt School","All Grades","2017-18","Ethnicity","Hispanic",88964,"8854","80110","90.0","532","217","40.8",0
"160","07X001","P.S. 001 Courtlandt School","All Grades","2017-18","Ethnicity","Other",89,"s","s","s","s","s","s",0
"161","07X001","P.S. 001 Courtlandt School","All Grades","2017-18","Ethnicity","White",1849,"110","1739","94.1","11","1","9.1",0
"162","07X001","P.S. 001 Courtlandt School","All Grades","2018-19","Ethnicity","Asian",1030,"s","s","s","s","s","s",0
"163","07X001","P.S. 001 Courtlandt School","All Grades","2018-19","Ethnicity","Black",28224,"3676","24548","87.0","178","97","54.5",0
"164","07X001","P.S. 001 Courtlandt School","All Grades","2018-19","Ethnicity","Hispanic",85995,"8377","77618","90.3","514","207","40.3",0
"165","07X001","P.S. 001 Courtlandt School","All Grades","2018-19","Ethnicity","Other",263,"s","s","s","s","s","s",0
"166","07X001","P.S. 001 Courtlandt School","All Grades","2018-19","Ethnicity","White",1086,"72","1014","93.4","7","2","28.6",0
"167","07X001","P.S. 001 Courtlandt School","PK in K-12 Schools","2013-14","Ethnicity","Black",1200,"298","902","75.2","7","6","85.7",0
"168","07X001","P.S. 001 Courtlandt School","PK in K-12 Schools","2013-14","Ethnicity","Hispanic",4434,"s","s","s","s","s","s",0
"169","07X001","P.S. 001 Courtlandt School","PK in K-12 Schools","2013-14","Ethnicity","White",176,"s","s","s","s","s","s",0
"170","07X001","P.S. 001 Courtlandt School","PK in K-12 Schools","2014-15","Ethnicity","Black",1691,"245","1446","85.5","10","6","60.0",0
"171","07X001","P.S. 001 Courtlandt School","PK in K-12 Schools","2014-15","Ethnicity","Hispanic",4385,"533","3852","87.8","28","15","53.6",0
"172","07X001","P.S. 001 Courtlandt School","PK in K-12 Schools","2015-16","Ethnicity","Black",1394,"194","1200","86.1","8","6","75.0",0
"173","07X001","P.S. 001 Courtlandt School","PK in K-12 Schools","2015-16","Ethnicity","Hispanic",4690,"562","4128","88.0","28","17","60.7",0
"174","07X001","P.S. 001 Courtlandt School","PK in K-12 Schools","2016-17","Ethnicity","Black",1559,"s","s","s","s","s","s",0
"175","07X001","P.S. 001 Courtlandt School","PK in K-12 Schools","2016-17","Ethnicity","Hispanic",4270,"462","3808","89.2","26","13","50.0",0
"176","07X001","P.S. 001 Courtlandt School","PK in K-12 Schools","2016-17","Ethnicity","White",348,"s","s","s","s","s","s",0
"177","07X001","P.S. 001 Courtlandt School","PK in K-12 Schools","2017-18","Ethnicity","Asian",178,"s","s","s","s","s","s",0
"178","07X001","P.S. 001 Courtlandt School","PK in K-12 Schools","2017-18","Ethnicity","Black",2504,"359","2145","85.7","16","11","68.8",0
"179","07X001","P.S. 001 Courtlandt School","PK in K-12 Schools","2017-18","Ethnicity","Hispanic",8607,"s","s","s","s","s","s",0
"180","07X001","P.S. 001 Courtlandt School","PK in K-12 Schools","2017-18","Ethnicity","White",127,"s","s","s","s","s","s",0
"181","07X001","P.S. 001 Courtlandt School","PK in K-12 Schools","2018-19","Ethnicity","Asian",497,"s","s","s","s","s","s",0
"182","07X001","P.S. 001 Courtlandt School","PK in K-12 Schools","2018-19","Ethnicity","Black",4665,"s","s","s","s","s","s",0
"183","07X001","P.S. 001 Courtlandt School","PK in K-12 Schools","2018-19","Ethnicity","Hispanic",11399,"1626","9773","85.7","70","42","60.0",0
"184","07X001","P.S. 001 Courtlandt School","0K","2013-14","Ethnicity","Asian",95,"s","s","s","s","s","s",0
"185","07X001","P.S. 001 Courtlandt School","0K","2013-14","Ethnicity","Black",4535,"537","3998","88.2","26","14","53.8",0
"186","07X001","P.S. 001 Courtlandt School","0K","2013-14","Ethnicity","Hispanic",13737,"1599","12138","88.4","86","42","48.8",0
"187","07X001","P.S. 001 Courtlandt School","0K","2013-14","Ethnicity","White",390,"s","s","s","s","s","s",0
"188","07X001","P.S. 001 Courtlandt School","0K","2014-15","Ethnicity","Black",4488,"s","s","s","s","s","s",0
"189","07X001","P.S. 001 Courtlandt School","0K","2014-15","Ethnicity","Hispanic",15404,"1900","13504","87.7","92","46","50.0",0
"190","07X001","P.S. 001 Courtlandt School","0K","2014-15","Ethnicity","White",268,"s","s","s","s","s","s",0
"191","07X001","P.S. 001 Courtlandt School","0K","2015-16","Ethnicity","Black",4827,"760","4067","84.3","30","17","56.7",0
"192","07X001","P.S. 001 Courtlandt School","0K","2015-16","Ethnicity","Hispanic",14349,"1418","12931","90.1","85","37","43.5",0
"193","07X001","P.S. 001 Courtlandt School","0K","2015-16","Ethnicity","Other",178,"s","s","s","s","s","s",0
"194","07X001","P.S. 001 Courtlandt School","0K","2015-16","Ethnicity","White",339,"s","s","s","s","s","s",0
"195","07X001","P.S. 001 Courtlandt School","0K","2016-17","Ethnicity","Black",5167,"808","4359","84.4","35","20","57.1",0
"196","07X001","P.S. 001 Courtlandt School","0K","2016-17","Ethnicity","Hispanic",11999,"1295","10704","89.2","74","35","47.3",0
"197","07X001","P.S. 001 Courtlandt School","0K","2017-18","Ethnicity","Asian",171,"s","s","s","s","s","s",0
"198","07X001","P.S. 001 Courtlandt School","0K","2017-18","Ethnicity","Black",4653,"537","4116","88.5","29","14","48.3",0
"199","07X001","P.S. 001 Courtlandt School","0K","2017-18","Ethnicity","Hispanic",12400,"1660","10740","86.6","78","48","61.5",0
"200","07X001","P.S. 001 Courtlandt School","0K","2017-18","Ethnicity","White",654,"s","s","s","s","s","s",0
"201","07X001","P.S. 001 Courtlandt School","0K","2018-19","Ethnicity","Black",3621,"s","s","s","s","s","s",0
"202","07X001","P.S. 001 Courtlandt School","0K","2018-19","Ethnicity","Hispanic",11734,"1377","10357","88.3","70","33","47.1",0
"203","07X001","P.S. 001 Courtlandt School","0K","2018-19","Ethnicity","White",177,"s","s","s","s","s","s",0
"204","07X001","P.S. 001 Courtlandt School","1","2013-14","Ethnicity","Asian",180,"s","s","s","s","s","s",0
"205","07X001","P.S. 001 Courtlandt School","1","2013-14","Ethnicity","Black",4027,"354","3673","91.2","24","9","37.5",0
"206","07X001","P.S. 001 Courtlandt School","1","2013-14","Ethnicity","Hispanic",16260,"1469","14791","91.0","96","36","37.5",0
"207","07X001","P.S. 001 Courtlandt School","1","2013-14","Ethnicity","White",720,"s","s","s","s","s","s",0
"208","07X001","P.S. 001 Courtlandt School","1","2014-15","Ethnicity","Asian",91,"s","s","s","s","s","s",0
"209","07X001","P.S. 001 Courtlandt School","1","2014-15","Ethnicity","Black",5364,"631","4733","88.2","33","17","51.5",0
"210","07X001","P.S. 001 Courtlandt School","1","2014-15","Ethnicity","Hispanic",14741,"1534","13207","89.6","87","33","37.9",0
"211","07X001","P.S. 001 Courtlandt School","1","2014-15","Ethnicity","White",544,"s","s","s","s","s","s",0
"212","07X001","P.S. 001 Courtlandt School","1","2015-16","Ethnicity","Black",4120,"s","s","s","s","s","s",0
"213","07X001","P.S. 001 Courtlandt School","1","2015-16","Ethnicity","Hispanic",14643,"1455","13188","90.1","87","36","41.4",0
"214","07X001","P.S. 001 Courtlandt School","1","2015-16","Ethnicity","White",178,"s","s","s","s","s","s",0
"215","07X001","P.S. 001 Courtlandt School","1","2016-17","Ethnicity","Black",4592,"542","4050","88.2","27","12","44.4",0
"216","07X001","P.S. 001 Courtlandt School","1","2016-17","Ethnicity","Hispanic",14392,"1493","12899","89.6","87","33","37.9",0
"217","07X001","P.S. 001 Courtlandt School","1","2016-17","Ethnicity","Other",2,"s","s","s","s","s","s",0
"218","07X001","P.S. 001 Courtlandt School","1","2016-17","Ethnicity","White",11,"s","s","s","s","s","s",0
"219","07X001","P.S. 001 Courtlandt School","1","2017-18","Ethnicity","Black",5076,"s","s","s","s","s","s",0
"220","07X001","P.S. 001 Courtlandt School","1","2017-18","Ethnicity","Hispanic",13582,"1268","12314","90.7","80","33","41.3",0
"221","07X001","P.S. 001 Courtlandt School","1","2017-18","Ethnicity","Other",89,"s","s","s","s","s","s",0
"222","07X001","P.S. 001 Courtlandt School","1","2018-19","Ethnicity","Black",4510,"507","4003","88.8","30","15","50.0",0
"223","07X001","P.S. 001 Courtlandt School","1","2018-19","Ethnicity","Hispanic",11855,"1166","10689","90.2","70","32","45.7",0
"224","07X001","P.S. 001 Courtlandt School","1","2018-19","Ethnicity","Other",178,"s","s","s","s","s","s",0
"225","07X001","P.S. 001 Courtlandt School","1","2018-19","Ethnicity","White",534,"s","s","s","s","s","s",0
"226","07X001","P.S. 001 Courtlandt School","2","2013-14","Ethnicity","Black",4552,"306","4246","93.3","27","4","14.8",0
"227","07X001","P.S. 001 Courtlandt School","2","2013-14","Ethnicity","Hispanic",16631,"1357","15274","91.8","94","27","28.7",0
"228","07X001","P.S. 001 Courtlandt School","2","2013-14","Ethnicity","Other",360,"s","s","s","s","s","s",0
"229","07X001","P.S. 001 Courtlandt School","2","2013-14","Ethnicity","White",304,"s","s","s","s","s","s",0
"230","07X001","P.S. 001 Courtlandt School","2","2014-15","Ethnicity","Black",3712,"s","s","s","s","s","s",0
"231","07X001","P.S. 001 Courtlandt School","2","2014-15","Ethnicity","Hispanic",15773,"1221","14552","92.3","90","25","27.8",0
"232","07X001","P.S. 001 Courtlandt School","2","2014-15","Ethnicity","White",546,"s","s","s","s","s","s",0
"233","07X001","P.S. 001 Courtlandt School","2","2015-16","Ethnicity","Asian",178,"s","s","s","s","s","s",0
"234","07X001","P.S. 001 Courtlandt School","2","2015-16","Ethnicity","Black",4725,"408","4317","91.4","28","13","46.4",0
"235","07X001","P.S. 001 Courtlandt School","2","2015-16","Ethnicity","Hispanic",13571,"1234","12337","90.9","81","28","34.6",0
"236","07X001","P.S. 001 Courtlandt School","2","2015-16","Ethnicity","White",534,"s","s","s","s","s","s",0
"237","07X001","P.S. 001 Courtlandt School","2","2016-17","Ethnicity","Black",2878,"s","s","s","s","s","s",0
"238","07X001","P.S. 001 Courtlandt School","2","2016-17","Ethnicity","Hispanic",12889,"1018","11871","92.1","77","20","26.0",0
"239","07X001","P.S. 001 Courtlandt School","2","2016-17","Ethnicity","White",177,"s","s","s","s","s","s",0
"240","07X001","P.S. 001 Courtlandt School","2","2017-18","Ethnicity","Black",4499,"711","3788","84.2","28","15","53.6",0
"241","07X001","P.S. 001 Courtlandt School","2","2017-18","Ethnicity","Hispanic",12819,"1247","11572","90.3","74","30","40.5",0
"242","07X001","P.S. 001 Courtlandt School","2","2018-19","Ethnicity","Black",3709,"426","3283","88.5","23","10","43.5",0
"243","07X001","P.S. 001 Courtlandt School","2","2018-19","Ethnicity","Hispanic",12248,"1072","11176","91.2","72","26","36.1",0
"244","07X001","P.S. 001 Courtlandt School","3","2013-14","Ethnicity","Asian",180,"s","s","s","s","s","s",0
"245","07X001","P.S. 001 Courtlandt School","3","2013-14","Ethnicity","Black",4406,"259","4147","94.1","25","3","12.0",0
"246","07X001","P.S. 001 Courtlandt School","3","2013-14","Ethnicity","Hispanic",15210,"1064","14146","93.0","89","24","27.0",0
"247","07X001","P.S. 001 Courtlandt School","3","2013-14","Ethnicity","Other",180,"s","s","s","s","s","s",0
"248","07X001","P.S. 001 Courtlandt School","3","2013-14","Ethnicity","White",180,"s","s","s","s","s","s",0
"249","07X001","P.S. 001 Courtlandt School","3","2014-15","Ethnicity","Black",4277,"275","4002","93.6","24","5","20.8",0
"250","07X001","P.S. 001 Courtlandt School","3","2014-15","Ethnicity","Hispanic",15695,"1198","14497","92.4","91","28","30.8",0
"251","07X001","P.S. 001 Courtlandt School","3","2014-15","Ethnicity","Other",340,"s","s","s","s","s","s",0
"252","07X001","P.S. 001 Courtlandt School","3","2014-15","Ethnicity","White",726,"s","s","s","s","s","s",0
"253","07X001","P.S. 001 Courtlandt School","3","2015-16","Ethnicity","Black",2889,"s","s","s","s","s","s",0
"254","07X001","P.S. 001 Courtlandt School","3","2015-16","Ethnicity","Hispanic",14315,"1081","13234","92.4","82","27","32.9",0
"255","07X001","P.S. 001 Courtlandt School","3","2015-16","Ethnicity","White",606,"s","s","s","s","s","s",0
"256","07X001","P.S. 001 Courtlandt School","3","2016-17","Ethnicity","Asian",176,"s","s","s","s","s","s",0
"257","07X001","P.S. 001 Courtlandt School","3","2016-17","Ethnicity","Black",3484,"300","3184","91.4","20","7","35.0",0
"258","07X001","P.S. 001 Courtlandt School","3","2016-17","Ethnicity","Hispanic",13047,"1192","11855","90.9","81","26","32.1",0
"259","07X001","P.S. 001 Courtlandt School","3","2016-17","Ethnicity","White",528,"s","s","s","s","s","s",0
"260","07X001","P.S. 001 Courtlandt School","3","2017-18","Ethnicity","Black",3494,"s","s","s","s","s","s",0
"261","07X001","P.S. 001 Courtlandt School","3","2017-18","Ethnicity","Hispanic",13505,"1201","12304","91.1","79","26","32.9",0
"262","07X001","P.S. 001 Courtlandt School","3","2017-18","Ethnicity","White",178,"s","s","s","s","s","s",0
"263","07X001","P.S. 001 Courtlandt School","3","2018-19","Ethnicity","Black",4469,"690","3779","84.6","28","14","50.0",0
"264","07X001","P.S. 001 Courtlandt School","3","2018-19","Ethnicity","Hispanic",12659,"953","11706","92.5","75","21","28.0",0
"265","07X001","P.S. 001 Courtlandt School","3","2018-19","Ethnicity","Other",85,"s","s","s","s","s","s",0
"266","07X001","P.S. 001 Courtlandt School","3","2018-19","Ethnicity","White",49,"s","s","s","s","s","s",0
"267","07X001","P.S. 001 Courtlandt School","4","2013-14","Ethnicity","Asian",124,"s","s","s","s","s","s",0
"268","07X001","P.S. 001 Courtlandt School","4","2013-14","Ethnicity","Black",4282,"284","3998","93.4","26","7","26.9",0
"269","07X001","P.S. 001 Courtlandt School","4","2013-14","Ethnicity","Hispanic",13850,"756","13094","94.5","80","13","16.3",0
"270","07X001","P.S. 001 Courtlandt School","4","2013-14","Ethnicity","Other",180,"s","s","s","s","s","s",0
"271","07X001","P.S. 001 Courtlandt School","4","2013-14","Ethnicity","White",900,"s","s","s","s","s","s",0
"272","07X001","P.S. 001 Courtlandt School","4","2014-15","Ethnicity","Asian",363,"s","s","s","s","s","s",0
"273","07X001","P.S. 001 Courtlandt School","4","2014-15","Ethnicity","Black",5020,"314","4706","93.7","28","5","17.9",0
"274","07X001","P.S. 001 Courtlandt School","4","2014-15","Ethnicity","Hispanic",15095,"1046","14049","93.1","85","20","23.5",0
"275","07X001","P.S. 001 Courtlandt School","4","2014-15","Ethnicity","Other",182,"s","s","s","s","s","s",0
"276","07X001","P.S. 001 Courtlandt School","4","2014-15","Ethnicity","White",364,"s","s","s","s","s","s",0
"277","07X001","P.S. 001 Courtlandt School","4","2015-16","Ethnicity","Black",3656,"256","3400","93.0","22","5","22.7",0
"278","07X001","P.S. 001 Courtlandt School","4","2015-16","Ethnicity","Hispanic",14030,"925","13105","93.4","82","19","23.2",0
"279","07X001","P.S. 001 Courtlandt School","4","2015-16","Ethnicity","Other",299,"s","s","s","s","s","s",0
"280","07X001","P.S. 001 Courtlandt School","4","2015-16","Ethnicity","White",813,"s","s","s","s","s","s",0
"281","07X001","P.S. 001 Courtlandt School","4","2016-17","Ethnicity","Black",3319,"s","s","s","s","s","s",0
"282","07X001","P.S. 001 Courtlandt School","4","2016-17","Ethnicity","Hispanic",13396,"992","12404","92.6","82","19","23.2",0
"283","07X001","P.S. 001 Courtlandt School","4","2016-17","Ethnicity","White",704,"s","s","s","s","s","s",0
"284","07X001","P.S. 001 Courtlandt School","4","2017-18","Ethnicity","Asian",178,"s","s","s","s","s","s",0
"285","07X001","P.S. 001 Courtlandt School","4","2017-18","Ethnicity","Black",3087,"260","2827","91.6","18","6","33.3",0
"286","07X001","P.S. 001 Courtlandt School","4","2017-18","Ethnicity","Hispanic",14466,"1396","13070","90.3","87","32","36.8",0
"287","07X001","P.S. 001 Courtlandt School","4","2017-18","Ethnicity","White",178,"s","s","s","s","s","s",0
"288","07X001","P.S. 001 Courtlandt School","4","2018-19","Ethnicity","Asian",178,"s","s","s","s","s","s",0
"289","07X001","P.S. 001 Courtlandt School","4","2018-19","Ethnicity","Black",4156,"587","3569","85.9","26","17","65.4",0
"290","07X001","P.S. 001 Courtlandt School","4","2018-19","Ethnicity","Hispanic",13529,"1002","12527","92.6","81","25","30.9",0
"291","07X001","P.S. 001 Courtlandt School","4","2018-19","Ethnicity","White",148,"s","s","s","s","s","s",0
"292","07X001","P.S. 001 Courtlandt School","5","2013-14","Ethnicity","Asian",180,"s","s","s","s","s","s",0
"293","07X001","P.S. 001 Courtlandt School","5","2013-14","Ethnicity","Black",4007,"299","3708","92.5","23","5","21.7",0
"294","07X001","P.S. 001 Courtlandt School","5","2013-14","Ethnicity","Hispanic",13340,"778","12562","94.2","78","15","19.2",0
"295","07X001","P.S. 001 Courtlandt School","5","2013-14","Ethnicity","Other",331,"s","s","s","s","s","s",0
"296","07X001","P.S. 001 Courtlandt School","5","2013-14","Ethnicity","White",360,"s","s","s","s","s","s",0
"297","07X001","P.S. 001 Courtlandt School","5","2014-15","Ethnicity","Asian",182,"s","s","s","s","s","s",0
"298","07X001","P.S. 001 Courtlandt School","5","2014-15","Ethnicity","Black",4135,"267","3868","93.5","23","7","30.4",0
"299","07X001","P.S. 001 Courtlandt School","5","2014-15","Ethnicity","Hispanic",13836,"679","13157","95.1","78","13","16.7",0
"300","07X001","P.S. 001 Courtlandt School","5","2014-15","Ethnicity","White",729,"s","s","s","s","s","s",0
"301","07X001","P.S. 001 Courtlandt School","5","2015-16","Ethnicity","Asian",356,"s","s","s","s","s","s",0
"302","07X001","P.S. 001 Courtlandt School","5","2015-16","Ethnicity","Black",5231,"365","4866","93.0","31","9","29.0",0
"303","07X001","P.S. 001 Courtlandt School","5","2015-16","Ethnicity","Hispanic",14628,"913","13715","93.8","85","22","25.9",0
"304","07X001","P.S. 001 Courtlandt School","5","2015-16","Ethnicity","Other",178,"s","s","s","s","s","s",0
"305","07X001","P.S. 001 Courtlandt School","5","2015-16","Ethnicity","White",356,"s","s","s","s","s","s",0
"306","07X001","P.S. 001 Courtlandt School","5","2016-17","Ethnicity","Black",3355,"273","3082","91.9","19","5","26.3",0
"307","07X001","P.S. 001 Courtlandt School","5","2016-17","Ethnicity","Hispanic",13085,"1057","12028","91.9","78","26","33.3",0
"308","07X001","P.S. 001 Courtlandt School","5","2016-17","Ethnicity","Other",305,"s","s","s","s","s","s",0
"309","07X001","P.S. 001 Courtlandt School","5","2016-17","Ethnicity","White",704,"s","s","s","s","s","s",0
"310","07X001","P.S. 001 Courtlandt School","5","2017-18","Ethnicity","Black",3387,"s","s","s","s","s","s",0
"311","07X001","P.S. 001 Courtlandt School","5","2017-18","Ethnicity","Hispanic",13247,"985","12262","92.6","78","21","26.9",0
"312","07X001","P.S. 001 Courtlandt School","5","2017-18","Ethnicity","White",712,"s","s","s","s","s","s",0
"313","07X001","P.S. 001 Courtlandt School","5","2018-19","Ethnicity","Asian",355,"s","s","s","s","s","s",0
"314","07X001","P.S. 001 Courtlandt School","5","2018-19","Ethnicity","Black",3094,"289","2805","90.7","20","9","45.0",0
"315","07X001","P.S. 001 Courtlandt School","5","2018-19","Ethnicity","Hispanic",12571,"1181","11390","90.6","76","28","36.8",0
"316","07X001","P.S. 001 Courtlandt School","5","2018-19","Ethnicity","White",178,"s","s","s","s","s","s",0
"317","07X001","P.S. 001 Courtlandt School","6","2017-18","Ethnicity","Hispanic",338,"s","s","s","s","s","s",0
"318","07X001","P.S. 001 Courtlandt School","7","2013-14","Ethnicity","Hispanic",31,"s","s","s","s","s","s",0
"319","07X001","P.S. 001 Courtlandt School","All Grades","2013-14","Gender","Female",61703,"5113","56590","91.7","364","113","31.0",0
"320","07X001","P.S. 001 Courtlandt School","All Grades","2013-14","Gender","Male",63639,"5404","58235","91.5","376","123","32.7",0
"321","07X001","P.S. 001 Courtlandt School","All Grades","2014-15","Gender","Female",63086,"5144","57942","91.8","365","112","30.7",0
"322","07X001","P.S. 001 Courtlandt School","All Grades","2014-15","Gender","Male",64865,"5896","58969","90.9","381","141","37.0",0
"323","07X001","P.S. 001 Courtlandt School","All Grades","2015-16","Gender","Female",59809,"4866","54943","91.9","353","114","32.3",0
"324","07X001","P.S. 001 Courtlandt School","All Grades","2015-16","Gender","Male",61274,"5638","55636","90.8","363","143","39.4",0
"325","07X001","P.S. 001 Courtlandt School","All Grades","2016-17","Gender","Female",54425,"4625","49800","91.5","327","101","30.9",0
"326","07X001","P.S. 001 Courtlandt School","All Grades","2016-17","Gender","Male",55962,"5670","50292","89.9","344","137","39.8",0
"327","07X001","P.S. 001 Courtlandt School","All Grades","2017-18","Gender","Female",57656,"5712","51944","90.1","349","138","39.5",0
"328","07X001","P.S. 001 Courtlandt School","All Grades","2017-18","Gender","Male",60473,"6656","53817","89.0","361","164","45.4",0
"329","07X001","P.S. 001 Courtlandt School","All Grades","2018-19","Gender","Female",57958,"5798","52160","90.0","348","146","42.0",0
"330","07X001","P.S. 001 Courtlandt School","All Grades","2018-19","Gender","Male",58640,"6434","52206","89.0","359","164","45.7",0
"331","07X001","P.S. 001 Courtlandt School","PK in K-12 Schools","2013-14","Gender","Female",3051,"s","s","s","s","s","s",0
"332","07X001","P.S. 001 Courtlandt School","PK in K-12 Schools","2013-14","Gender","Male",2759,"s","s","s","s","s","s",0
"333","07X001","P.S. 001 Courtlandt School","PK in K-12 Schools","2014-15","Gender","Female",3440,"405","3035","88.2","21","10","47.6",0
"334","07X001","P.S. 001 Courtlandt School","PK in K-12 Schools","2014-15","Gender","Male",2636,"373","2263","85.8","17","11","64.7",0
"335","07X001","P.S. 001 Courtlandt School","PK in K-12 Schools","2015-16","Gender","Female",3434,"422","3012","87.7","20","11","55.0",0
"336","07X001","P.S. 001 Courtlandt School","PK in K-12 Schools","2015-16","Gender","Male",2650,"334","2316","87.4","16","12","75.0",0
"337","07X001","P.S. 001 Courtlandt School","PK in K-12 Schools","2016-17","Gender","Female",2727,"359","2368","86.8","16","9","56.3",0
"338","07X001","P.S. 001 Courtlandt School","PK in K-12 Schools","2016-17","Gender","Male",3450,"275","3175","92.0","21","8","38.1",0
"339","07X001","P.S. 001 Courtlandt School","PK in K-12 Schools","2017-18","Gender","Female",5349,"s","s","s","s","s","s",0
"340","07X001","P.S. 001 Courtlandt School","PK in K-12 Schools","2017-18","Gender","Male",6067,"s","s","s","s","s","s",0
"341","07X001","P.S. 001 Courtlandt School","PK in K-12 Schools","2018-19","Gender","Female",7310,"964","6346","86.8","44","26","59.1",0
"342","07X001","P.S. 001 Courtlandt School","PK in K-12 Schools","2018-19","Gender","Male",9251,"1481","7770","84.0","57","37","64.9",0
"343","07X001","P.S. 001 Courtlandt School","0K","2013-14","Gender","Female",9535,"1177","8358","87.7","59","31","52.5",0
"344","07X001","P.S. 001 Courtlandt School","0K","2013-14","Gender","Male",9222,"1003","8219","89.1","57","27","47.4",0
"345","07X001","P.S. 001 Courtlandt School","0K","2014-15","Gender","Female",9172,"1056","8116","88.5","56","24","42.9",0
"346","07X001","P.S. 001 Courtlandt School","0K","2014-15","Gender","Male",10988,"1455","9533","86.8","66","39","59.1",0
"347","07X001","P.S. 001 Courtlandt School","0K","2015-16","Gender","Female",8733,"990","7743","88.7","52","28","53.8",0
"348","07X001","P.S. 001 Courtlandt School","0K","2015-16","Gender","Male",10960,"1272","9688","88.4","66","28","42.4",0
"349","07X001","P.S. 001 Courtlandt School","0K","2016-17","Gender","Female",8210,"928","7282","88.7","51","25","49.0",0
"350","07X001","P.S. 001 Courtlandt School","0K","2016-17","Gender","Male",8956,"1175","7781","86.9","58","30","51.7",0
"351","07X001","P.S. 001 Courtlandt School","0K","2017-18","Gender","Female",7291,"903","6388","87.6","47","26","55.3",0
"352","07X001","P.S. 001 Courtlandt School","0K","2017-18","Gender","Male",10587,"1335","9252","87.4","65","36","55.4",0
"353","07X001","P.S. 001 Courtlandt School","0K","2018-19","Gender","Female",7874,"921","6953","88.3","48","24","50.0",0
"354","07X001","P.S. 001 Courtlandt School","0K","2018-19","Gender","Male",7658,"911","6747","88.1","46","24","52.2",0
"355","07X001","P.S. 001 Courtlandt School","1","2013-14","Gender","Female",10789,"917","9872","91.5","64","22","34.4",0
"356","07X001","P.S. 001 Courtlandt School","1","2013-14","Gender","Male",10398,"978","9420","90.6","61","24","39.3",0
"357","07X001","P.S. 001 Courtlandt School","1","2014-15","Gender","Female",11534,"1229","10305","89.3","69","28","40.6",0
"358","07X001","P.S. 001 Courtlandt School","1","2014-15","Gender","Male",9206,"990","8216","89.2","55","23","41.8",0
"359","07X001","P.S. 001 Courtlandt School","1","2015-16","Gender","Female",9096,"830","8266","90.9","55","17","30.9",0
"360","07X001","P.S. 001 Courtlandt School","1","2015-16","Gender","Male",9845,"1063","8782","89.2","59","30","50.8",0
"361","07X001","P.S. 001 Courtlandt School","1","2016-17","Gender","Female",8817,"825","7992","90.6","52","20","38.5",0
"362","07X001","P.S. 001 Courtlandt School","1","2016-17","Gender","Male",10180,"1213","8967","88.1","62","25","40.3",0
"363","07X001","P.S. 001 Courtlandt School","1","2017-18","Gender","Female",9008,"985","8023","89.1","54","24","44.4",0
"364","07X001","P.S. 001 Courtlandt School","1","2017-18","Gender","Male",9739,"1067","8672","89.0","57","27","47.4",0
"365","07X001","P.S. 001 Courtlandt School","1","2018-19","Gender","Female",8259,"855","7404","89.6","49","24","49.0",0
"366","07X001","P.S. 001 Courtlandt School","1","2018-19","Gender","Male",8818,"848","7970","90.4","55","23","41.8",0
"367","07X001","P.S. 001 Courtlandt School","2","2013-14","Gender","Female",10042,"740","9302","92.6","57","12","21.1",0
"368","07X001","P.S. 001 Courtlandt School","2","2013-14","Gender","Male",11805,"955","10850","91.9","68","19","27.9",0
"369","07X001","P.S. 001 Courtlandt School","2","2014-15","Gender","Female",10078,"779","9299","92.3","56","16","28.6",0
"370","07X001","P.S. 001 Courtlandt School","2","2014-15","Gender","Male",9953,"878","9075","91.2","60","23","38.3",0
"371","07X001","P.S. 001 Courtlandt School","2","2015-16","Gender","Female",10408,"860","9548","91.7","61","19","31.1",0
"372","07X001","P.S. 001 Courtlandt School","2","2015-16","Gender","Male",8600,"827","7773","90.4","52","23","44.2",0
"373","07X001","P.S. 001 Courtlandt School","2","2016-17","Gender","Female",8500,"712","7788","91.6","51","14","27.5",0
"374","07X001","P.S. 001 Courtlandt School","2","2016-17","Gender","Male",7444,"648","6796","91.3","45","16","35.6",0
"375","07X001","P.S. 001 Courtlandt School","2","2017-18","Gender","Female",8115,"760","7355","90.6","49","16","32.7",0
"376","07X001","P.S. 001 Courtlandt School","2","2017-18","Gender","Male",9203,"1198","8005","87.0","53","29","54.7",0
"377","07X001","P.S. 001 Courtlandt School","2","2018-19","Gender","Female",7875,"727","7148","90.8","46","17","37.0",0
"378","07X001","P.S. 001 Courtlandt School","2","2018-19","Gender","Male",8082,"771","7311","90.5","49","19","38.8",0
"379","07X001","P.S. 001 Courtlandt School","3","2013-14","Gender","Female",9794,"604","9190","93.8","57","12","21.1",0
"380","07X001","P.S. 001 Courtlandt School","3","2013-14","Gender","Male",10362,"767","9595","92.6","60","16","26.7",0
"381","07X001","P.S. 001 Courtlandt School","3","2014-15","Gender","Female",9572,"586","8986","93.9","55","14","25.5",0
"382","07X001","P.S. 001 Courtlandt School","3","2014-15","Gender","Male",11466,"911","10555","92.1","67","19","28.4",0
"383","07X001","P.S. 001 Courtlandt School","3","2015-16","Gender","Female",8294,"596","7698","92.8","48","14","29.2",0
"384","07X001","P.S. 001 Courtlandt School","3","2015-16","Gender","Male",9516,"715","8801","92.5","55","17","30.9",0
"385","07X001","P.S. 001 Courtlandt School","3","2016-17","Gender","Female",9407,"711","8696","92.4","58","14","24.1",0
"386","07X001","P.S. 001 Courtlandt School","3","2016-17","Gender","Male",7828,"814","7014","89.6","47","19","40.4",0
"387","07X001","P.S. 001 Courtlandt School","3","2017-18","Gender","Female",9064,"834","8230","90.8","55","21","38.2",0
"388","07X001","P.S. 001 Courtlandt School","3","2017-18","Gender","Male",8113,"817","7296","89.9","47","18","38.3",0
"389","07X001","P.S. 001 Courtlandt School","3","2018-19","Gender","Female",8665,"714","7951","91.8","54","14","25.9",0
"390","07X001","P.S. 001 Courtlandt School","3","2018-19","Gender","Male",8597,"954","7643","88.9","51","23","45.1",0
"391","07X001","P.S. 001 Courtlandt School","4","2013-14","Gender","Female",9186,"s","s","s","s","s","s",0
"392","07X001","P.S. 001 Courtlandt School","4","2013-14","Gender","Male",10150,"604","9546","94.0","60","s","s",0
"393","07X001","P.S. 001 Courtlandt School","4","2014-15","Gender","Female",10603,"659","9944","93.8","59","12","20.3",0
"394","07X001","P.S. 001 Courtlandt School","4","2014-15","Gender","Male",10421,"753","9668","92.8","59","14","23.7",0
"395","07X001","P.S. 001 Courtlandt School","4","2015-16","Gender","Female",9398,"529","8869","94.4","55","9","16.4",0
"396","07X001","P.S. 001 Courtlandt School","4","2015-16","Gender","Male",9400,"712","8688","92.4","56","16","28.6",0
"397","07X001","P.S. 001 Courtlandt School","4","2016-17","Gender","Female",8134,"549","7585","93.3","48","9","18.8",0
"398","07X001","P.S. 001 Courtlandt School","4","2016-17","Gender","Male",9285,"711","8574","92.3","59","17","28.8",0
"399","07X001","P.S. 001 Courtlandt School","4","2017-18","Gender","Female",10461,"855","9606","91.8","61","20","32.8",0
"400","07X001","P.S. 001 Courtlandt School","4","2017-18","Gender","Male",7448,"812","6636","89.1","46","18","39.1",0
"401","07X001","P.S. 001 Courtlandt School","4","2018-19","Gender","Female",9136,"873","8263","90.4","54","24","44.4",0
"402","07X001","P.S. 001 Courtlandt School","4","2018-19","Gender","Male",8875,"723","8152","91.9","55","18","32.7",0
"403","07X001","P.S. 001 Courtlandt School","5","2013-14","Gender","Female",9306,"619","8687","93.3","54","12","22.2",0
"404","07X001","P.S. 001 Courtlandt School","5","2013-14","Gender","Male",8912,"524","8388","94.1","52","10","19.2",0
"405","07X001","P.S. 001 Courtlandt School","5","2014-15","Gender","Female",8687,"430","8257","95.1","49","8","16.3",0
"406","07X001","P.S. 001 Courtlandt School","5","2014-15","Gender","Male",10195,"536","9659","94.7","57","12","21.1",0
"407","07X001","P.S. 001 Courtlandt School","5","2015-16","Gender","Female",10446,"639","9807","93.9","62","16","25.8",0
"408","07X001","P.S. 001 Courtlandt School","5","2015-16","Gender","Male",10303,"715","9588","93.1","59","17","28.8",0
"409","07X001","P.S. 001 Courtlandt School","5","2016-17","Gender","Female",8630,"541","8089","93.7","51","10","19.6",0
"410","07X001","P.S. 001 Courtlandt School","5","2016-17","Gender","Male",8819,"834","7985","90.5","52","22","42.3",0
"411","07X001","P.S. 001 Courtlandt School","5","2017-18","Gender","Female",8199,"604","7595","92.6","48","12","25.0",0
"412","07X001","P.S. 001 Courtlandt School","5","2017-18","Gender","Male",9147,"704","8443","92.3","54","16","29.6",0
"413","07X001","P.S. 001 Courtlandt School","5","2018-19","Gender","Female",8839,"744","8095","91.6","53","17","32.1",0
"414","07X001","P.S. 001 Courtlandt School","5","2018-19","Gender","Male",7359,"746","6613","89.9","46","20","43.5",0
"415","07X001","P.S. 001 Courtlandt School","6","2017-18","Gender","Female",169,"s","s","s","s","s","s",0
"416","07X001","P.S. 001 Courtlandt School","6","2017-18","Gender","Male",169,"s","s","s","s","s","s",0
"417","07X001","P.S. 001 Courtlandt School","7","2013-14","Gender","Male",31,"s","s","s","s","s","s",0
"418","07X001","P.S. 001 Courtlandt School","All Grades","2013-14","Poverty","Not Poverty",1014,"70","944","93.1","6","1","16.7",0
"419","07X001","P.S. 001 Courtlandt School","All Grades","2013-14","Poverty","Poverty",124328,"10447","113881","91.6","734","235","32.0",0
"420","07X001","P.S. 001 Courtlandt School","All Grades","2014-15","Poverty","Not Poverty",2484,"199","2285","92.0","14","4","28.6",0
"421","07X001","P.S. 001 Courtlandt School","All Grades","2014-15","Poverty","Poverty",125467,"10841","114626","91.4","732","249","34.0",0
"422","07X001","P.S. 001 Courtlandt School","All Grades","2015-16","Poverty","Not Poverty",1117,"100","1017","91.0","7","3","42.9",0
"423","07X001","P.S. 001 Courtlandt School","All Grades","2015-16","Poverty","Poverty",119966,"10404","109562","91.3","709","254","35.8",0
"424","07X001","P.S. 001 Courtlandt School","All Grades","2016-17","Poverty","Not Poverty",1186,"109","1077","90.8","7","3","42.9",0
"425","07X001","P.S. 001 Courtlandt School","All Grades","2016-17","Poverty","Poverty",109201,"10186","99015","90.7","664","235","35.4",0
"426","07X001","P.S. 001 Courtlandt School","All Grades","2017-18","Poverty","Not Poverty",1831,"143","1688","92.2","11","3","27.3",0
"427","07X001","P.S. 001 Courtlandt School","All Grades","2017-18","Poverty","Poverty",116298,"12225","104073","89.5","699","299","42.8",0
"428","07X001","P.S. 001 Courtlandt School","All Grades","2018-19","Poverty","Not Poverty",4440,"413","4027","90.7","26","9","34.6",0
"429","07X001","P.S. 001 Courtlandt School","All Grades","2018-19","Poverty","Poverty",112158,"11819","100339","89.5","681","301","44.2",0
"430","07X001","P.S. 001 Courtlandt School","PK in K-12 Schools","2013-14","Poverty","Poverty",5810,"s","s","s","s","s","s",0
"431","07X001","P.S. 001 Courtlandt School","PK in K-12 Schools","2014-15","Poverty","Not Poverty",181,"s","s","s","s","s","s",0
"432","07X001","P.S. 001 Courtlandt School","PK in K-12 Schools","2014-15","Poverty","Poverty",5895,"s","s","s","s","s","s",0
"433","07X001","P.S. 001 Courtlandt School","PK in K-12 Schools","2015-16","Poverty","Not Poverty",176,"s","s","s","s","s","s",0
"434","07X001","P.S. 001 Courtlandt School","PK in K-12 Schools","2015-16","Poverty","Poverty",5908,"s","s","s","s","s","s",0
"435","07X001","P.S. 001 Courtlandt School","PK in K-12 Schools","2016-17","Poverty","Poverty",6177,"634","5543","89.7","37","17","45.9",0
"436","07X001","P.S. 001 Courtlandt School","PK in K-12 Schools","2017-18","Poverty","Not Poverty",405,"s","s","s","s","s","s",0
"437","07X001","P.S. 001 Courtlandt School","PK in K-12 Schools","2017-18","Poverty","Poverty",11011,"s","s","s","s","s","s",0
"438","07X001","P.S. 001 Courtlandt School","PK in K-12 Schools","2018-19","Poverty","Not Poverty",1237,"155","1082","87.5","7","3","42.9",0
"439","07X001","P.S. 001 Courtlandt School","PK in K-12 Schools","2018-19","Poverty","Poverty",15324,"2290","13034","85.1","94","60","63.8",0
"440","07X001","P.S. 001 Courtlandt School","0K","2013-14","Poverty","Not Poverty",356,"s","s","s","s","s","s",0
"441","07X001","P.S. 001 Courtlandt School","0K","2013-14","Poverty","Poverty",18401,"s","s","s","s","s","s",0
"442","07X001","P.S. 001 Courtlandt School","0K","2014-15","Poverty","Not Poverty",181,"s","s","s","s","s","s",0
"443","07X001","P.S. 001 Courtlandt School","0K","2014-15","Poverty","Poverty",19979,"s","s","s","s","s","s",0
"444","07X001","P.S. 001 Courtlandt School","0K","2015-16","Poverty","Not Poverty",180,"s","s","s","s","s","s",0
"445","07X001","P.S. 001 Courtlandt School","0K","2015-16","Poverty","Poverty",19513,"s","s","s","s","s","s",0
"446","07X001","P.S. 001 Courtlandt School","0K","2016-17","Poverty","Not Poverty",176,"s","s","s","s","s","s",0
"447","07X001","P.S. 001 Courtlandt School","0K","2016-17","Poverty","Poverty",16990,"s","s","s","s","s","s",0
"448","07X001","P.S. 001 Courtlandt School","0K","2017-18","Poverty","Not Poverty",178,"s","s","s","s","s","s",0
"449","07X001","P.S. 001 Courtlandt School","0K","2017-18","Poverty","Poverty",17700,"s","s","s","s","s","s",0
"450","07X001","P.S. 001 Courtlandt School","0K","2018-19","Poverty","Not Poverty",356,"s","s","s","s","s","s",0
"451","07X001","P.S. 001 Courtlandt School","0K","2018-19","Poverty","Poverty",15176,"s","s","s","s","s","s",0
"452","07X001","P.S. 001 Courtlandt School","1","2013-14","Poverty","Not Poverty",180,"s","s","s","s","s","s",0
"453","07X001","P.S. 001 Courtlandt School","1","2013-14","Poverty","Poverty",21007,"s","s","s","s","s","s",0
"454","07X001","P.S. 001 Courtlandt School","1","2014-15","Poverty","Not Poverty",848,"s","s","s","s","s","s",0
"455","07X001","P.S. 001 Courtlandt School","1","2014-15","Poverty","Poverty",19892,"s","s","s","s","s","s",0
"456","07X001","P.S. 001 Courtlandt School","1","2015-16","Poverty","Not Poverty",227,"s","s","s","s","s","s",0
"457","07X001","P.S. 001 Courtlandt School","1","2015-16","Poverty","Poverty",18714,"s","s","s","s","s","s",0
"458","07X001","P.S. 001 Courtlandt School","1","2016-17","Poverty","Not Poverty",176,"s","s","s","s","s","s",0
"459","07X001","P.S. 001 Courtlandt School","1","2016-17","Poverty","Poverty",18821,"s","s","s","s","s","s",0
"460","07X001","P.S. 001 Courtlandt School","1","2017-18","Poverty","Poverty",18747,"2052","16695","89.1","111","51","45.9",0
"461","07X001","P.S. 001 Courtlandt School","1","2018-19","Poverty","Not Poverty",178,"s","s","s","s","s","s",0
"462","07X001","P.S. 001 Courtlandt School","1","2018-19","Poverty","Poverty",16899,"s","s","s","s","s","s",0
"463","07X001","P.S. 001 Courtlandt School","2","2013-14","Poverty","Not Poverty",147,"s","s","s","s","s","s",0
"464","07X001","P.S. 001 Courtlandt School","2","2013-14","Poverty","Poverty",21700,"s","s","s","s","s","s",0
"465","07X001","P.S. 001 Courtlandt School","2","2014-15","Poverty","Not Poverty",364,"s","s","s","s","s","s",0
"466","07X001","P.S. 001 Courtlandt School","2","2014-15","Poverty","Poverty",19667,"s","s","s","s","s","s",0
"467","07X001","P.S. 001 Courtlandt School","2","2015-16","Poverty","Not Poverty",356,"s","s","s","s","s","s",0
"468","07X001","P.S. 001 Courtlandt School","2","2015-16","Poverty","Poverty",18652,"s","s","s","s","s","s",0
"469","07X001","P.S. 001 Courtlandt School","2","2016-17","Poverty","Not Poverty",177,"s","s","s","s","s","s",0
"470","07X001","P.S. 001 Courtlandt School","2","2016-17","Poverty","Poverty",15767,"s","s","s","s","s","s",0
"471","07X001","P.S. 001 Courtlandt School","2","2017-18","Poverty","Not Poverty",343,"s","s","s","s","s","s",0
"472","07X001","P.S. 001 Courtlandt School","2","2017-18","Poverty","Poverty",16975,"s","s","s","s","s","s",0
"473","07X001","P.S. 001 Courtlandt School","2","2018-19","Poverty","Not Poverty",410,"s","s","s","s","s","s",0
"474","07X001","P.S. 001 Courtlandt School","2","2018-19","Poverty","Poverty",15547,"s","s","s","s","s","s",0
"475","07X001","P.S. 001 Courtlandt School","3","2013-14","Poverty","Poverty",20156,"1371","18785","93.2","117","28","23.9",0
"476","07X001","P.S. 001 Courtlandt School","3","2014-15","Poverty","Not Poverty",182,"s","s","s","s","s","s",0
"477","07X001","P.S. 001 Courtlandt School","3","2014-15","Poverty","Poverty",20856,"s","s","s","s","s","s",0
"478","07X001","P.S. 001 Courtlandt School","3","2015-16","Poverty","Poverty",17810,"1311","16499","92.6","103","31","30.1",0
"479","07X001","P.S. 001 Courtlandt School","3","2016-17","Poverty","Not Poverty",352,"s","s","s","s","s","s",0
"480","07X001","P.S. 001 Courtlandt School","3","2016-17","Poverty","Poverty",16883,"s","s","s","s","s","s",0
"481","07X001","P.S. 001 Courtlandt School","3","2017-18","Poverty","Not Poverty",356,"s","s","s","s","s","s",0
"482","07X001","P.S. 001 Courtlandt School","3","2017-18","Poverty","Poverty",16821,"s","s","s","s","s","s",0
"483","07X001","P.S. 001 Courtlandt School","3","2018-19","Poverty","Not Poverty",657,"s","s","s","s","s","s",0
"484","07X001","P.S. 001 Courtlandt School","3","2018-19","Poverty","Poverty",16605,"s","s","s","s","s","s",0
"485","07X001","P.S. 001 Courtlandt School","4","2013-14","Poverty","Poverty",19336,"1136","18200","94.1","113","22","19.5",0
"486","07X001","P.S. 001 Courtlandt School","4","2014-15","Poverty","Not Poverty",364,"s","s","s","s","s","s",0
"487","07X001","P.S. 001 Courtlandt School","4","2014-15","Poverty","Poverty",20660,"s","s","s","s","s","s",0
"488","07X001","P.S. 001 Courtlandt School","4","2015-16","Poverty","Poverty",18798,"1241","17557","93.4","111","25","22.5",0
"489","07X001","P.S. 001 Courtlandt School","4","2016-17","Poverty","Not Poverty",176,"s","s","s","s","s","s",0
"490","07X001","P.S. 001 Courtlandt School","4","2016-17","Poverty","Poverty",17243,"s","s","s","s","s","s",0
"491","07X001","P.S. 001 Courtlandt School","4","2017-18","Poverty","Not Poverty",193,"s","s","s","s","s","s",0
"492","07X001","P.S. 001 Courtlandt School","4","2017-18","Poverty","Poverty",17716,"s","s","s","s","s","s",0
"493","07X001","P.S. 001 Courtlandt School","4","2018-19","Poverty","Not Poverty",890,"s","s","s","s","s","s",0
"494","07X001","P.S. 001 Courtlandt School","4","2018-19","Poverty","Poverty",17121,"s","s","s","s","s","s",0
"495","07X001","P.S. 001 Courtlandt School","5","2013-14","Poverty","Not Poverty",331,"s","s","s","s","s","s",0
"496","07X001","P.S. 001 Courtlandt School","5","2013-14","Poverty","Poverty",17887,"s","s","s","s","s","s",0
"497","07X001","P.S. 001 Courtlandt School","5","2014-15","Poverty","Not Poverty",364,"s","s","s","s","s","s",0
"498","07X001","P.S. 001 Courtlandt School","5","2014-15","Poverty","Poverty",18518,"s","s","s","s","s","s",0
"499","07X001","P.S. 001 Courtlandt School","5","2015-16","Poverty","Not Poverty",178,"s","s","s","s","s","s",0
"500","07X001","P.S. 001 Courtlandt School","5","2015-16","Poverty","Poverty",20571,"s","s","s","s","s","s",0
"501","07X001","P.S. 001 Courtlandt School","5","2016-17","Poverty","Not Poverty",129,"s","s","s","s","s","s",0
"502","07X001","P.S. 001 Courtlandt School","5","2016-17","Poverty","Poverty",17320,"s","s","s","s","s","s",0
"503","07X001","P.S. 001 Courtlandt School","5","2017-18","Poverty","Not Poverty",356,"s","s","s","s","s","s",0
"504","07X001","P.S. 001 Courtlandt School","5","2017-18","Poverty","Poverty",16990,"s","s","s","s","s","s",0
"505","07X001","P.S. 001 Courtlandt School","5","2018-19","Poverty","Not Poverty",712,"s","s","s","s","s","s",0
"506","07X001","P.S. 001 Courtlandt School","5","2018-19","Poverty","Poverty",15486,"s","s","s","s","s","s",0
"507","07X001","P.S. 001 Courtlandt School","6","2017-18","Poverty","Poverty",338,"s","s","s","s","s","s",0
"508","07X001","P.S. 001 Courtlandt School","7","2013-14","Poverty","Poverty",31,"s","s","s","s","s","s",0
"509","07X001","P.S. 001 Courtlandt School","All Grades","2013-14","ELL Status","ELL",31727,"2197","29530","93.1","190","45","23.7",0
"510","07X001","P.S. 001 Courtlandt School","All Grades","2013-14","ELL Status","Not ELL",87805,"7254","80551","91.7","513","163","31.8",0
"511","07X001","P.S. 001 Courtlandt School","All Grades","2014-15","ELL Status","ELL",29933,"1940","27993","93.5","181","42","23.2",0
"512","07X001","P.S. 001 Courtlandt School","All Grades","2014-15","ELL Status","Not ELL",91942,"8322","83620","90.9","527","190","36.1",0
"513","07X001","P.S. 001 Courtlandt School","All Grades","2015-16","ELL Status","ELL",31172,"2104","29068","93.3","186","50","26.9",0
"514","07X001","P.S. 001 Courtlandt School","All Grades","2015-16","ELL Status","Not ELL",83827,"7644","76183","90.9","494","184","37.2",0
"515","07X001","P.S. 001 Courtlandt School","All Grades","2016-17","ELL Status","ELL",31524,"2263","29261","92.8","198","47","23.7",0
"516","07X001","P.S. 001 Courtlandt School","All Grades","2016-17","ELL Status","Not ELL",72686,"7398","65288","89.8","436","174","39.9",0
"517","07X001","P.S. 001 Courtlandt School","All Grades","2017-18","ELL Status","ELL",33323,"2801","30522","91.6","202","64","31.7",0
"518","07X001","P.S. 001 Courtlandt School","All Grades","2017-18","ELL Status","Not ELL",73390,"8087","65303","89.0","436","199","45.6",0
"519","07X001","P.S. 001 Courtlandt School","All Grades","2018-19","ELL Status","ELL",28263,"2181","26082","92.3","171","47","27.5",0
"520","07X001","P.S. 001 Courtlandt School","All Grades","2018-19","ELL Status","Not ELL",71774,"7606","64168","89.4","435","200","46.0",0
"521","07X001","P.S. 001 Courtlandt School","0K","2013-14","ELL Status","ELL",5203,"s","s","s","s","s","s",0
"522","07X001","P.S. 001 Courtlandt School","0K","2013-14","ELL Status","Not ELL",13554,"s","s","s","s","s","s",0
"523","07X001","P.S. 001 Courtlandt School","0K","2014-15","ELL Status","ELL",5284,"478","4806","91.0","33","11","33.3",0
"524","07X001","P.S. 001 Courtlandt School","0K","2014-15","ELL Status","Not ELL",14876,"2033","12843","86.3","89","52","58.4",0
"525","07X001","P.S. 001 Courtlandt School","0K","2015-16","ELL Status","ELL",5107,"458","4649","91.0","30","12","40.0",0
"526","07X001","P.S. 001 Courtlandt School","0K","2015-16","ELL Status","Not ELL",14586,"1804","12782","87.6","88","44","50.0",0
"527","07X001","P.S. 001 Courtlandt School","0K","2016-17","ELL Status","ELL",5583,"442","5141","92.1","36","13","36.1",0
"528","07X001","P.S. 001 Courtlandt School","0K","2016-17","ELL Status","Not ELL",11583,"1661","9922","85.7","73","42","57.5",0
"529","07X001","P.S. 001 Courtlandt School","0K","2017-18","ELL Status","ELL",4954,"592","4362","88.1","32","17","53.1",0
"530","07X001","P.S. 001 Courtlandt School","0K","2017-18","ELL Status","Not ELL",12924,"1646","11278","87.3","80","45","56.3",0
"531","07X001","P.S. 001 Courtlandt School","0K","2018-19","ELL Status","ELL",4532,"590","3942","87.0","27","12","44.4",0
"532","07X001","P.S. 001 Courtlandt School","0K","2018-19","ELL Status","Not ELL",11000,"1242","9758","88.7","67","36","53.7",0
"533","07X001","P.S. 001 Courtlandt School","1","2013-14","ELL Status","ELL",7429,"539","6890","92.7","44","12","27.3",0
"534","07X001","P.S. 001 Courtlandt School","1","2013-14","ELL Status","Not ELL",13758,"1356","12402","90.1","81","34","42.0",0
"535","07X001","P.S. 001 Courtlandt School","1","2014-15","ELL Status","ELL",6747,"497","6250","92.6","41","9","22.0",0
"536","07X001","P.S. 001 Courtlandt School","1","2014-15","ELL Status","Not ELL",13993,"1722","12271","87.7","83","42","50.6",0
"537","07X001","P.S. 001 Courtlandt School","1","2015-16","ELL Status","ELL",5954,"372","5582","93.8","36","10","27.8",0
"538","07X001","P.S. 001 Courtlandt School","1","2015-16","ELL Status","Not ELL",12987,"1521","11466","88.3","78","37","47.4",0
"539","07X001","P.S. 001 Courtlandt School","1","2016-17","ELL Status","ELL",5006,"391","4615","92.2","30","7","23.3",0
"540","07X001","P.S. 001 Courtlandt School","1","2016-17","ELL Status","Not ELL",13991,"1647","12344","88.2","84","38","45.2",0
"541","07X001","P.S. 001 Courtlandt School","1","2017-18","ELL Status","ELL",5927,"417","5510","93.0","35","9","25.7",0
"542","07X001","P.S. 001 Courtlandt School","1","2017-18","ELL Status","Not ELL",12820,"1635","11185","87.2","76","42","55.3",0
"543","07X001","P.S. 001 Courtlandt School","1","2018-19","ELL Status","ELL",4131,"326","3805","92.1","26","8","30.8",0
"544","07X001","P.S. 001 Courtlandt School","1","2018-19","ELL Status","Not ELL",12946,"1377","11569","89.4","78","39","50.0",0
"545","07X001","P.S. 001 Courtlandt School","2","2013-14","ELL Status","ELL",7319,"466","6853","93.6","41","8","19.5",0
"546","07X001","P.S. 001 Courtlandt School","2","2013-14","ELL Status","Not ELL",14528,"1229","13299","91.5","84","23","27.4",0
"547","07X001","P.S. 001 Courtlandt School","2","2014-15","ELL Status","ELL",6031,"400","5631","93.4","35","8","22.9",0
"548","07X001","P.S. 001 Courtlandt School","2","2014-15","ELL Status","Not ELL",14000,"1257","12743","91.0","81","31","38.3",0
"549","07X001","P.S. 001 Courtlandt School","2","2015-16","ELL Status","ELL",6269,"429","5840","93.2","38","9","23.7",0
"550","07X001","P.S. 001 Courtlandt School","2","2015-16","ELL Status","Not ELL",12739,"1258","11481","90.1","75","33","44.0",0
"551","07X001","P.S. 001 Courtlandt School","2","2016-17","ELL Status","ELL",5232,"290","4942","94.5","31","5","16.1",0
"552","07X001","P.S. 001 Courtlandt School","2","2016-17","ELL Status","Not ELL",10712,"1070","9642","90.0","65","25","38.5",0
"553","07X001","P.S. 001 Courtlandt School","2","2017-18","ELL Status","ELL",4904,"s","s","s","s","s","s",0
"554","07X001","P.S. 001 Courtlandt School","2","2017-18","ELL Status","Not ELL",12414,"s","s","s","s","s","s",0
"555","07X001","P.S. 001 Courtlandt School","2","2018-19","ELL Status","ELL",5247,"322","4925","93.9","31","5","16.1",0
"556","07X001","P.S. 001 Courtlandt School","2","2018-19","ELL Status","Not ELL",10710,"1176","9534","89.0","64","31","48.4",0
"557","07X001","P.S. 001 Courtlandt School","3","2013-14","ELL Status","ELL",4009,"279","3730","93.0","25","5","20.0",0
"558","07X001","P.S. 001 Courtlandt School","3","2013-14","ELL Status","Not ELL",16147,"1092","15055","93.2","92","23","25.0",0
"559","07X001","P.S. 001 Courtlandt School","3","2014-15","ELL Status","ELL",4769,"209","4560","95.6","29","5","17.2",0
"560","07X001","P.S. 001 Courtlandt School","3","2014-15","ELL Status","Not ELL",16269,"1288","14981","92.1","93","28","30.1",0
"561","07X001","P.S. 001 Courtlandt School","3","2015-16","ELL Status","ELL",4878,"327","4551","93.3","28","6","21.4",0
"562","07X001","P.S. 001 Courtlandt School","3","2015-16","ELL Status","Not ELL",12932,"984","11948","92.4","75","25","33.3",0
"563","07X001","P.S. 001 Courtlandt School","3","2016-17","ELL Status","ELL",6378,"516","5862","91.9","42","8","19.0",0
"564","07X001","P.S. 001 Courtlandt School","3","2016-17","ELL Status","Not ELL",10857,"1009","9848","90.7","63","25","39.7",0
"565","07X001","P.S. 001 Courtlandt School","3","2017-18","ELL Status","ELL",5453,"314","5139","94.2","33","5","15.2",0
"566","07X001","P.S. 001 Courtlandt School","3","2017-18","ELL Status","Not ELL",11724,"1337","10387","88.6","69","34","49.3",0
"567","07X001","P.S. 001 Courtlandt School","3","2018-19","ELL Status","ELL",4539,"291","4248","93.6","27","8","29.6",0
"568","07X001","P.S. 001 Courtlandt School","3","2018-19","ELL Status","Not ELL",12723,"1377","11346","89.2","78","29","37.2",0
"569","07X001","P.S. 001 Courtlandt School","4","2013-14","ELL Status","ELL",3723,"s","s","s","s","s","s",0
"570","07X001","P.S. 001 Courtlandt School","4","2013-14","ELL Status","Not ELL",15613,"985","14628","93.7","91","s","s",0
"571","07X001","P.S. 001 Courtlandt School","4","2014-15","ELL Status","ELL",4362,"222","4140","94.9","26","6","23.1",0
"572","07X001","P.S. 001 Courtlandt School","4","2014-15","ELL Status","Not ELL",16662,"1190","15472","92.9","92","20","21.7",0
"573","07X001","P.S. 001 Courtlandt School","4","2015-16","ELL Status","ELL",4516,"248","4268","94.5","28","5","17.9",0
"574","07X001","P.S. 001 Courtlandt School","4","2015-16","ELL Status","Not ELL",14282,"993","13289","93.0","83","20","24.1",0
"575","07X001","P.S. 001 Courtlandt School","4","2016-17","ELL Status","ELL",5041,"358","4683","92.9","33","8","24.2",0
"576","07X001","P.S. 001 Courtlandt School","4","2016-17","ELL Status","Not ELL",12378,"902","11476","92.7","74","18","24.3",0
"577","07X001","P.S. 001 Courtlandt School","4","2017-18","ELL Status","ELL",6727,"s","s","s","s","s","s",0
"578","07X001","P.S. 001 Courtlandt School","4","2017-18","ELL Status","Not ELL",11182,"s","s","s","s","s","s",0
"579","07X001","P.S. 001 Courtlandt School","4","2018-19","ELL Status","ELL",5059,"308","4751","93.9","31","7","22.6",0
"580","07X001","P.S. 001 Courtlandt School","4","2018-19","ELL Status","Not ELL",12952,"1288","11664","90.1","78","35","44.9",0
"581","07X001","P.S. 001 Courtlandt School","5","2013-14","ELL Status","ELL",4044,"196","3848","95.2","24","2","8.3",0
"582","07X001","P.S. 001 Courtlandt School","5","2013-14","ELL Status","Not ELL",14174,"947","13227","93.3","82","20","24.4",0
"583","07X001","P.S. 001 Courtlandt School","5","2014-15","ELL Status","ELL",2740,"134","2606","95.1","17","3","17.6",0
"584","07X001","P.S. 001 Courtlandt School","5","2014-15","ELL Status","Not ELL",16142,"832","15310","94.8","89","17","19.1",0
"585","07X001","P.S. 001 Courtlandt School","5","2015-16","ELL Status","ELL",4448,"270","4178","93.9","26","8","30.8",0
"586","07X001","P.S. 001 Courtlandt School","5","2015-16","ELL Status","Not ELL",16301,"1084","15217","93.4","95","25","26.3",0
"587","07X001","P.S. 001 Courtlandt School","5","2016-17","ELL Status","ELL",4284,"266","4018","93.8","26","6","23.1",0
"588","07X001","P.S. 001 Courtlandt School","5","2016-17","ELL Status","Not ELL",13165,"1109","12056","91.6","77","26","33.8",0
"589","07X001","P.S. 001 Courtlandt School","5","2017-18","ELL Status","ELL",5189,"384","4805","92.6","32","10","31.3",0
"590","07X001","P.S. 001 Courtlandt School","5","2017-18","ELL Status","Not ELL",12157,"924","11233","92.4","70","18","25.7",0
"591","07X001","P.S. 001 Courtlandt School","5","2018-19","ELL Status","ELL",4755,"344","4411","92.8","29","7","24.1",0
"592","07X001","P.S. 001 Courtlandt School","5","2018-19","ELL Status","Not ELL",11443,"1146","10297","90.0","70","30","42.9",0
"593","07X001","P.S. 001 Courtlandt School","6","2017-18","ELL Status","ELL",169,"s","s","s","s","s","s",0
"594","07X001","P.S. 001 Courtlandt School","6","2017-18","ELL Status","Not ELL",169,"s","s","s","s","s","s",0
"595","07X001","P.S. 001 Courtlandt School","7","2013-14","ELL Status","Not ELL",31,"s","s","s","s","s","s",0
